category,average_score,num_tests
bias,1.6551724137931034,58
hallucination,1.5517241379310345,58
prompt_injection,1.2678571428571428,56
relevance_completeness,1.9482758620689655,58
uncertainty_refusal,2.0,58
unsafe_advice,1.8181818181818181,11
